ID,Source PDF,Text Chunk,Relevant to UPSC,GS Paper,Syllabus Topic,Cruz
UPSC_0000_20260213,Bollywood-Town-February-2026 (2).pdf,YEARS OF SUCCESS 10 10 2015 - 2025 a Spot Communications initiative Volume 11 Issue 07 February 2026 www.bollywoodtown.in 40/- p12 Movie Review p31 Junglee Pictures collaborates with writer director Raj Kumar Gupta ‘Border 2' continues box-ofﬁce dominance p08 CONTENTS www.bollywoodtown.in COVER STORY: p16 p32 FASHION & LIFESTYLE p38 STAR FORECAST Border 2 continues box ofﬁce dominance p08 It's a w...,False,Not Applicable,Not Applicable,Not Applicable
UPSC_0001_20260213,Bollywood-Town-February-2026 (2).pdf,"/bollywoodtownindia +91 9892001547 mumbai@bollywoodtown.in Head Ofce: 27, Ekta CHS Ltd, DR-3, Ram Mandir Road, Goregaon West, Mumbai-400104, India Branch Ofce: Laxmi Nagar, New Delhi-110092, India 2015 - 2025 NOW ON STANDS PRINT ONLINE SOCIAL EVENTS www.bollywoodtown.in 14 • BOLLYWOOD TOWN • February 2026 AFTER the theatrical release of Bihu Attack, the cast and ﬁlmmakers of the ﬁlm visited an I...",False,Not Applicable,Not Applicable,Not Applicable
UPSC_0002_20260213,Bollywood-Town-February-2026 (2).pdf,"to reconstruct the truth in real time. For Pratt, the ﬁlmmaking process itself mirrored the intensity and scale of the story being told. “This ﬁlm is unlike anything I've done before,” says Pratt. “We had one camera on me the whole time, and we were doing 40- minute or 50-minute takes. Then all the evidence that in the story is provided for the trial — what the ﬁlm calls 'the LA Municipal Cloud' —...",False,Not Applicable,Not Applicable,Not Applicable
UPSC_0003_20260213,Bollywood-Town-February-2026 (2).pdf,the team as Border 2 gears up to hit the big screens. -BTNN Nidhi Dutta shares an unseen photo of team Border 2 27 • BOLLYWOOD TOWN • February 2026 www.bollywoodtown.in 28 • BOLLYWOOD TOWN • February 2026 www.bollywoodtown.in There are few movies that have won the heart of viewers and left a strong impression on their minds. One of them are 'Bahubali' which prompted ﬁlm makers to rethink the use o...,False,Not Applicable,Not Applicable,Not Applicable
UPSC_0004_20260213,Bollywood-Town-February-2026 (2).pdf,"air, or water. Since the story is based on the historical incident of the 1971 war, there is no need to discuss the climax. Actor Sunny Deol is the heart and soul of the ﬁlm. Sunny Deol, an actor, is the ﬁlm's main character. We can hear the applause and whistles in the theater because of his exceptional performance, particularly during the action scenes. Another draw of the movie is Varun Dhawan....",False,Not Applicable,Not Applicable,Not Applicable
UPSC_0005_20260213,Bollywood-Town-February-2026 (2).pdf,"her success. She further said, ""I am not married yet, but I will get married in the future. My career is going well; I am getting success; I have a name and some fame too—not too much, but I am satisﬁed."" She is happy and content and said, ""At least whatever I am doing is clean and honest, and I am very proud of what I am doing. I have peace and happiness as well."" And she prioritizes her me-time ...",False,Not Applicable,Not Applicable,Not Applicable
UPSC_0005_20260213,Bollywood-Town-February-2026 (2).pdf,"her success. She further said, ""I am not married yet, but I will get married in the future. My career is going well; I am getting success; I have a name and some fame too—not too much, but I am satisﬁed."" She is happy and content and said, ""At least whatever I am doing is clean and honest, and I am very proud of what I am doing. I have peace and happiness as well."" And she prioritizes her me-time ...",False,Not Applicable,Not Applicable,Not Applicable
UPSC_0005_20260213,Bollywood-Town-February-2026 (2).pdf,"her success. She further said, ""I am not married yet, but I will get married in the future. My career is going well; I am getting success; I have a name and some fame too—not too much, but I am satisﬁed."" She is happy and content and said, ""At least whatever I am doing is clean and honest, and I am very proud of what I am doing. I have peace and happiness as well."" And she prioritizes her me-time ...",False,Not Applicable,Not Applicable,Not Applicable
UPSC_0006_20260213,TH Delhi 04-02-2026 (1) (1).pdf,"A ND-NDE CM YK WEDNESDAY February 4, 2026 DELHI CITY EDITION 20 Pages ₹ 12.00 www.thehindu.com Printed at » Chennai » Coimbatore » Bengaluru » Hyderabad » Madurai » Noida » Visakhapatnam » Thiruvananthapuram » Kochi » Vijayawada » Mangaluru » Tiruchirapalli » Kolkata » Hubballi » Mohali » Malappuram » Mumbai » Lucknow » Cuttack » Patna Vol. 16  No. 29 Regd. DL(ND)-11/6110/2006-07-08 RNI No. UPENG...",True,GS2,"Separation of powers between various organs, dispute redressal mechanisms and institutions","The Karnataka Assembly's resolution against the Viksit Bharat-Guarantee for Rozgar and Ajeevika Mission (Gramin) Act, 2025, highlights the ongoing tension between state and central governments in India. This development is significant as it raises questions about federalism and the balance of power between the Centre and the states. The resolution argues that the new Act undermines the decentralization of power and imposes financial burdens on the state, challenging the constitutional framework of governance. This situation provides a case study for examining the implications of central policies on state autonomy and the role of state legislatures in safeguarding regional interests."
UPSC_0006_20260213,TH Delhi 04-02-2026 (1) (1).pdf,"A ND-NDE CM YK WEDNESDAY February 4, 2026 DELHI CITY EDITION 20 Pages ₹ 12.00 www.thehindu.com Printed at » Chennai » Coimbatore » Bengaluru » Hyderabad » Madurai » Noida » Visakhapatnam » Thiruvananthapuram » Kochi » Vijayawada » Mangaluru » Tiruchirapalli » Kolkata » Hubballi » Mohali » Malappuram » Mumbai » Lucknow » Cuttack » Patna Vol. 16  No. 29 Regd. DL(ND)-11/6110/2006-07-08 RNI No. UPENG...",True,GS3,"Effects of liberalization on the economy, changes in industrial policy and their effects on industrial growth","The trade deal between India and the U.S., which reduces tariffs on Indian exports, is a pivotal development in international trade relations. This agreement, excluding sensitive sectors like agriculture and dairy, reflects India's strategic economic diplomacy to protect domestic interests while enhancing export opportunities. The reduction of tariffs is expected to benefit labor-intensive sectors, potentially boosting India's industrial growth and export competitiveness. This aligns with the broader theme of liberalization and its impact on the Indian economy, providing a contemporary context to analyze the effects of international trade policies on domestic economic development."
UPSC_0006_20260213,TH Delhi 04-02-2026 (1) (1).pdf,"A ND-NDE CM YK WEDNESDAY February 4, 2026 DELHI CITY EDITION 20 Pages ₹ 12.00 www.thehindu.com Printed at » Chennai » Coimbatore » Bengaluru » Hyderabad » Madurai » Noida » Visakhapatnam » Thiruvananthapuram » Kochi » Vijayawada » Mangaluru » Tiruchirapalli » Kolkata » Hubballi » Mohali » Malappuram » Mumbai » Lucknow » Cuttack » Patna Vol. 16  No. 29 Regd. DL(ND)-11/6110/2006-07-08 RNI No. UPENG...",False,Not Applicable,Not Applicable,Not Applicable
UPSC_0006_20260213,TH Delhi 04-02-2026 (1) (1).pdf,"A ND-NDE CM YK WEDNESDAY February 4, 2026 DELHI CITY EDITION 20 Pages ₹ 12.00 www.thehindu.com Printed at » Chennai » Coimbatore » Bengaluru » Hyderabad » Madurai » Noida » Visakhapatnam » Thiruvananthapuram » Kochi » Vijayawada » Mangaluru » Tiruchirapalli » Kolkata » Hubballi » Mohali » Malappuram » Mumbai » Lucknow » Cuttack » Patna Vol. 16  No. 29 Regd. DL(ND)-11/6110/2006-07-08 RNI No. UPENG...",True,GS2,"Parliament and State legislatures—structure, functioning, conduct of business, powers & privileges and issues arising out of these","The suspension of eight Opposition MPs from the Lok Sabha for unruly conduct underscores the challenges in maintaining decorum and the functioning of parliamentary democracy in India. This incident highlights the tensions between the ruling party and the opposition, raising questions about the role of the Speaker in managing parliamentary proceedings and safeguarding democratic practices. It provides a lens to explore the balance of power within the legislature, the rights and responsibilities of MPs, and the implications of such suspensions on legislative business and democratic discourse."
UPSC_0007_20260213,TH Delhi 04-02-2026 (1) (1).pdf,"» PAGE 13 DISSOLVE HOUSE: CONG. » PAGE 12 e2145468 e2145468 A ND-NDE CM YK THE HINDU 2 Wednesday, February 4, 2026 Delhi City 0 DISCLAIMER: Readers are requested to verify and make appropriate enquiries to satisfy themselves about the veracity of an advertise- ment before responding to any published in this newspaper. THG PUBLISHING PVT LTD., the Publisher & Owner of this newspaper, does not vouch...",True,GS2,Government policies and interventions for development in various sectors and issues arising out of their design and implementation.,"The Delhi government's announcement of a direct benefit transfer (DBT) scheme for LPG cylinders to ration card holders highlights the intersection of welfare policy and electoral promises. This initiative, aimed at providing financial relief during festive seasons, reflects the government's strategy to address the economic burden of rising fuel prices on lower-income families. It also underscores the political dynamics of fulfilling electoral promises, as the opposition critiques the ruling party's delivery on its commitments. This development is relevant to the UPSC syllabus as it involves policy implementation, economic equity, and the governance challenges of welfare distribution."
UPSC_0007_20260213,TH Delhi 04-02-2026 (1) (1).pdf,"» PAGE 13 DISSOLVE HOUSE: CONG. » PAGE 12 e2145468 e2145468 A ND-NDE CM YK THE HINDU 2 Wednesday, February 4, 2026 Delhi City 0 DISCLAIMER: Readers are requested to verify and make appropriate enquiries to satisfy themselves about the veracity of an advertise- ment before responding to any published in this newspaper. THG PUBLISHING PVT LTD., the Publisher & Owner of this newspaper, does not vouch...",True,GS2,"Separation of powers between various organs, dispute redressal mechanisms and institutions.","The Delhi court's directive to the Police Commissioner to act against officers for tampering with evidence in a 2020 riots case raises significant issues of judicial oversight and accountability within law enforcement. This case exemplifies the challenges in maintaining the integrity of the justice system and the importance of checks and balances. It highlights the judiciary's role in safeguarding citizens' rights and ensuring fair investigations, which is crucial for upholding the rule of law. This situation is pertinent to the UPSC syllabus as it involves the separation of powers and the mechanisms for addressing governance failures."
UPSC_0007_20260213,TH Delhi 04-02-2026 (1) (1).pdf,"» PAGE 13 DISSOLVE HOUSE: CONG. » PAGE 12 e2145468 e2145468 A ND-NDE CM YK THE HINDU 2 Wednesday, February 4, 2026 Delhi City 0 DISCLAIMER: Readers are requested to verify and make appropriate enquiries to satisfy themselves about the veracity of an advertise- ment before responding to any published in this newspaper. THG PUBLISHING PVT LTD., the Publisher & Owner of this newspaper, does not vouch...",False,Not Applicable,Not Applicable,Not Applicable
UPSC_0007_20260213,TH Delhi 04-02-2026 (1) (1).pdf,"» PAGE 13 DISSOLVE HOUSE: CONG. » PAGE 12 e2145468 e2145468 A ND-NDE CM YK THE HINDU 2 Wednesday, February 4, 2026 Delhi City 0 DISCLAIMER: Readers are requested to verify and make appropriate enquiries to satisfy themselves about the veracity of an advertise- ment before responding to any published in this newspaper. THG PUBLISHING PVT LTD., the Publisher & Owner of this newspaper, does not vouch...",False,Not Applicable,Not Applicable,Not Applicable
UPSC_0007_20260213,TH Delhi 04-02-2026 (1) (1).pdf,"» PAGE 13 DISSOLVE HOUSE: CONG. » PAGE 12 e2145468 e2145468 A ND-NDE CM YK THE HINDU 2 Wednesday, February 4, 2026 Delhi City 0 DISCLAIMER: Readers are requested to verify and make appropriate enquiries to satisfy themselves about the veracity of an advertise- ment before responding to any published in this newspaper. THG PUBLISHING PVT LTD., the Publisher & Owner of this newspaper, does not vouch...",False,Not Applicable,Not Applicable,Not Applicable
UPSC_0007_20260213,TH Delhi 04-02-2026 (1) (1).pdf,"» PAGE 13 DISSOLVE HOUSE: CONG. » PAGE 12 e2145468 e2145468 A ND-NDE CM YK THE HINDU 2 Wednesday, February 4, 2026 Delhi City 0 DISCLAIMER: Readers are requested to verify and make appropriate enquiries to satisfy themselves about the veracity of an advertise- ment before responding to any published in this newspaper. THG PUBLISHING PVT LTD., the Publisher & Owner of this newspaper, does not vouch...",True,GS2,Pressure groups and formal/informal associations and their role in the Polity.,"The demand by the Jawaharlal Nehru University Teachers’ Association (JNUTA) for the reinstatement of rusticated students and the removal of the Vice-Chancellor highlights the role of academic and student bodies as pressure groups within educational institutions. This situation underscores the ongoing tensions between university administrations and student/teacher associations over governance and policy decisions. The case reflects broader themes of democratic rights, freedom of expression, and institutional accountability, making it relevant to the UPSC syllabus under the topic of pressure groups and their influence on policy and governance."
UPSC_0008_20260213,TH Delhi 04-02-2026 (1) (1).pdf,"a copy of the order be placed before Mr. Golchha for initiating punitive ac- tion against the errant of- ﬁcers. Act against oﬃcers responsible for fabricating evidence, court tells Delhi Police Commissioner The Hindu Bureau NEW DELHI The communal violence that unfolded in north-east Delhi in February 2020 left over 50 dead and several injured. FILE PHOTO The Central Bureau of In- vestigation (CBI)...",True,GS2,Government policies and interventions for development in various sectors and issues arising out of their design and implementation.,"The Bihar government's 2026-27 budget emphasizes education, technology, innovation, and social justice, reflecting a strategic approach to state development. By allocating significant resources to social welfare and women's employment schemes, the budget aims to foster inclusive growth. This aligns with the UPSC GS2 focus on government interventions for development and the challenges in policy implementation. The budget's emphasis on fiscal prudence and policy stability, while relying on central support, highlights the interplay between state and central government roles in achieving equitable development. Analyzing this budget provides insights into the practical challenges of implementing development policies at the state level."
UPSC_0008_20260213,TH Delhi 04-02-2026 (1) (1).pdf,"a copy of the order be placed before Mr. Golchha for initiating punitive ac- tion against the errant of- ﬁcers. Act against oﬃcers responsible for fabricating evidence, court tells Delhi Police Commissioner The Hindu Bureau NEW DELHI The communal violence that unfolded in north-east Delhi in February 2020 left over 50 dead and several injured. FILE PHOTO The Central Bureau of In- vestigation (CBI)...",True,GS3,"Infrastructure: Energy, Ports, Roads, Airports, Railways etc.","The shelving of the proposed Delhi-Alwar railway line via Haryana's Nuh district underscores the challenges in infrastructure development in backward regions. Nuh, an Aspirational District, lacks railway connectivity, which is crucial for economic development and integration with the National Capital Region. This situation highlights the complexities of infrastructure planning and execution, including budgetary constraints and prioritization of projects. For UPSC GS3, this case provides a lens to examine the role of infrastructure in regional development, the impact of delayed projects on local economies, and the governance issues in project implementation."
UPSC_0008_20260213,TH Delhi 04-02-2026 (1) (1).pdf,"a copy of the order be placed before Mr. Golchha for initiating punitive ac- tion against the errant of- ﬁcers. Act against oﬃcers responsible for fabricating evidence, court tells Delhi Police Commissioner The Hindu Bureau NEW DELHI The communal violence that unfolded in north-east Delhi in February 2020 left over 50 dead and several injured. FILE PHOTO The Central Bureau of In- vestigation (CBI)...",True,GS3,"Conservation, environmental pollution and degradation, environmental impact assessment.","Uttarakhand's decision to open 83 Himalayan peaks for mountaineering aims to boost adventure tourism while promoting environmental conservation. This initiative balances economic development with ecological preservation, reflecting the need for sustainable tourism practices. The waiver of expedition fees for Indian climbers encourages domestic participation, potentially increasing local employment. This development is relevant to UPSC GS3 as it involves analyzing the environmental impact of tourism, the role of government policies in promoting sustainable practices, and the economic benefits of leveraging natural resources responsibly."
UPSC_0008_20260213,TH Delhi 04-02-2026 (1) (1).pdf,"a copy of the order be placed before Mr. Golchha for initiating punitive ac- tion against the errant of- ﬁcers. Act against oﬃcers responsible for fabricating evidence, court tells Delhi Police Commissioner The Hindu Bureau NEW DELHI The communal violence that unfolded in north-east Delhi in February 2020 left over 50 dead and several injured. FILE PHOTO The Central Bureau of In- vestigation (CBI)...",False,Not Applicable,Not Applicable,Not Applicable
UPSC_0008_20260213,TH Delhi 04-02-2026 (1) (1).pdf,"a copy of the order be placed before Mr. Golchha for initiating punitive ac- tion against the errant of- ﬁcers. Act against oﬃcers responsible for fabricating evidence, court tells Delhi Police Commissioner The Hindu Bureau NEW DELHI The communal violence that unfolded in north-east Delhi in February 2020 left over 50 dead and several injured. FILE PHOTO The Central Bureau of In- vestigation (CBI)...",False,Not Applicable,Not Applicable,Not Applicable
UPSC_0008_20260213,TH Delhi 04-02-2026 (1) (1).pdf,"a copy of the order be placed before Mr. Golchha for initiating punitive ac- tion against the errant of- ﬁcers. Act against oﬃcers responsible for fabricating evidence, court tells Delhi Police Commissioner The Hindu Bureau NEW DELHI The communal violence that unfolded in north-east Delhi in February 2020 left over 50 dead and several injured. FILE PHOTO The Central Bureau of In- vestigation (CBI)...",False,Not Applicable,Not Applicable,Not Applicable
UPSC_0009_20260213,TH Delhi 04-02-2026 (1) (1).pdf,"society towards the common goal of making Punjab drug- free,” he added. Governor to start march for a ‘drug-free’ Punjab The Hindu Bureau CHANDIGARH Taking a step further to abolish the State madrasa board, the Uttarakhand go- vernment on Tuesday formed the Uttarakhand State Minority Education Authority which will de- cide the syllabus of the education institutions meant for the minorities. Specia...",True,GS2,Government policies and interventions for development in various sectors and issues arising out of their design and implementation.,"The Uttarakhand government's decision to dissolve the State madrasa board and establish the Uttarakhand State Minority Education Authority has significant governance and policy implications. This move reflects a shift in the administration of minority education, potentially affecting the autonomy of minority institutions and their curricular freedom. It raises questions about the balance between state oversight and minority rights, a critical issue under the constitutional provisions for educational and cultural rights. This development is relevant for UPSC aspirants as it connects to the broader themes of governance, minority rights, and educational policy reforms in India."
UPSC_0009_20260213,TH Delhi 04-02-2026 (1) (1).pdf,"society towards the common goal of making Punjab drug- free,” he added. Governor to start march for a ‘drug-free’ Punjab The Hindu Bureau CHANDIGARH Taking a step further to abolish the State madrasa board, the Uttarakhand go- vernment on Tuesday formed the Uttarakhand State Minority Education Authority which will de- cide the syllabus of the education institutions meant for the minorities. Specia...",True,GS3,"Infrastructure: Energy, Ports, Roads, Airports, Railways etc.","The shelving of railway expansion projects in Jammu and Kashmir's Anantnag and Shopian districts highlights the intersection of infrastructure development and environmental sustainability. The decision, influenced by concerns over the potential destruction of apple orchards, underscores the need for balancing economic development with ecological preservation. This case exemplifies the challenges in implementing infrastructure projects in sensitive regions and the role of public opinion and political advocacy in shaping policy decisions. For UPSC, this connects to infrastructure development policies and their socio-economic and environmental impacts, a key area of study in GS3."
UPSC_0009_20260213,TH Delhi 04-02-2026 (1) (1).pdf,"society towards the common goal of making Punjab drug- free,” he added. Governor to start march for a ‘drug-free’ Punjab The Hindu Bureau CHANDIGARH Taking a step further to abolish the State madrasa board, the Uttarakhand go- vernment on Tuesday formed the Uttarakhand State Minority Education Authority which will de- cide the syllabus of the education institutions meant for the minorities. Specia...",True,GS2,Salient features of the Representation of People's Act.,"Akhilesh Yadav's allegations against the Election Commission of India (ECI) for purportedly collaborating with the BJP to delete names of minority and backward class voters from the electoral roll raise critical issues about electoral integrity and fairness. This situation highlights the importance of the ECI's role in maintaining impartiality and the challenges of ensuring inclusive electoral processes. It connects to the broader themes of electoral reforms and the functioning of democratic institutions, essential for understanding the dynamics of political accountability and representation in India, relevant for GS2."
UPSC_0010_20260213,TH Delhi 04-02-2026 (1) (1).pdf,"still there. “The person does not know which voter list is more important, that of the Assembly or the vil- lage pradhan,” Mr. Yadav claimed. EC teaming up with BJP to delete PDA voters from list through Form-7: Akhilesh Press Trust of India LUCKNOW Samajwadi Party president Akhilesh Yadav with party leaders at a press conference in Lucknow on Tuesday. SANDEEP SAXENA Chief Minister M.K. Stalin has...",True,GS3,"Conservation, environmental pollution and degradation, environmental impact assessment","The Union Budget's proposal to develop 'turtle trails' along key nesting sites of Olive Ridley turtles in Odisha, Karnataka, and Kerala has sparked concerns among conservationists. The mass nesting sites are critical habitats for the endangered Olive Ridley turtles, and conservationists argue that increased human activity and ecotourism could disrupt these sensitive ecosystems. This development highlights the tension between economic development through tourism and the need for strict conservation measures. For UPSC, this issue connects to environmental governance and the challenges of balancing ecological preservation with developmental initiatives. It raises questions about the effectiveness of policy measures in protecting biodiversity while promoting sustainable tourism."
UPSC_0010_20260213,TH Delhi 04-02-2026 (1) (1).pdf,"still there. “The person does not know which voter list is more important, that of the Assembly or the vil- lage pradhan,” Mr. Yadav claimed. EC teaming up with BJP to delete PDA voters from list through Form-7: Akhilesh Press Trust of India LUCKNOW Samajwadi Party president Akhilesh Yadav with party leaders at a press conference in Lucknow on Tuesday. SANDEEP SAXENA Chief Minister M.K. Stalin has...",True,GS3,"Infrastructure: Energy, Ports, Roads, Airports, Railways etc.","The Kerala government's approval of the Regional Rapid Transit System (RRTS) project reflects a significant infrastructure initiative aimed at enhancing connectivity across the state. This project, estimated to cost ₹1,92,780 crore, seeks to integrate with existing metro systems and reduce land acquisition through elevated structures. It highlights the challenges of implementing large-scale infrastructure projects, including securing funding, obtaining clearances, and addressing public opposition. For UPSC, this development is relevant to discussions on urbanization, infrastructure development, and the role of state and central governments in facilitating major public transport projects. It also touches upon sustainable urban planning and the socio-economic impacts of improved transportation networks."
UPSC_0010_20260213,TH Delhi 04-02-2026 (1) (1).pdf,"still there. “The person does not know which voter list is more important, that of the Assembly or the vil- lage pradhan,” Mr. Yadav claimed. EC teaming up with BJP to delete PDA voters from list through Form-7: Akhilesh Press Trust of India LUCKNOW Samajwadi Party president Akhilesh Yadav with party leaders at a press conference in Lucknow on Tuesday. SANDEEP SAXENA Chief Minister M.K. Stalin has...",True,GS2,"Statutory, regulatory and various quasi-judicial bodies","The National Human Rights Commission's (NHRC) investigation into the Kolkata warehouse fire, which resulted in significant loss of life, underscores the role of statutory bodies in upholding human rights and ensuring accountability. The NHRC's involvement highlights systemic issues related to workplace safety, regulatory oversight, and the enforcement of labor laws. This case provides an opportunity to analyze the effectiveness of human rights institutions in India and their ability to address violations in industrial settings. For UPSC, this connects to the broader theme of governance and the mechanisms in place to protect citizens' rights, emphasizing the need for robust regulatory frameworks and proactive enforcement to prevent such tragedies."
UPSC_0010_20260213,TH Delhi 04-02-2026 (1) (1).pdf,"still there. “The person does not know which voter list is more important, that of the Assembly or the vil- lage pradhan,” Mr. Yadav claimed. EC teaming up with BJP to delete PDA voters from list through Form-7: Akhilesh Press Trust of India LUCKNOW Samajwadi Party president Akhilesh Yadav with party leaders at a press conference in Lucknow on Tuesday. SANDEEP SAXENA Chief Minister M.K. Stalin has...",False,Not Applicable,Not Applicable,Not Applicable
UPSC_0010_20260213,TH Delhi 04-02-2026 (1) (1).pdf,"still there. “The person does not know which voter list is more important, that of the Assembly or the vil- lage pradhan,” Mr. Yadav claimed. EC teaming up with BJP to delete PDA voters from list through Form-7: Akhilesh Press Trust of India LUCKNOW Samajwadi Party president Akhilesh Yadav with party leaders at a press conference in Lucknow on Tuesday. SANDEEP SAXENA Chief Minister M.K. Stalin has...",False,Not Applicable,Not Applicable,Not Applicable
UPSC_0010_20260213,TH Delhi 04-02-2026 (1) (1).pdf,"still there. “The person does not know which voter list is more important, that of the Assembly or the vil- lage pradhan,” Mr. Yadav claimed. EC teaming up with BJP to delete PDA voters from list through Form-7: Akhilesh Press Trust of India LUCKNOW Samajwadi Party president Akhilesh Yadav with party leaders at a press conference in Lucknow on Tuesday. SANDEEP SAXENA Chief Minister M.K. Stalin has...",False,Not Applicable,Not Applicable,Not Applicable
UPSC_0010_20260213,TH Delhi 04-02-2026 (1) (1).pdf,"still there. “The person does not know which voter list is more important, that of the Assembly or the vil- lage pradhan,” Mr. Yadav claimed. EC teaming up with BJP to delete PDA voters from list through Form-7: Akhilesh Press Trust of India LUCKNOW Samajwadi Party president Akhilesh Yadav with party leaders at a press conference in Lucknow on Tuesday. SANDEEP SAXENA Chief Minister M.K. Stalin has...",False,Not Applicable,Not Applicable,Not Applicable
UPSC_0010_20260213,TH Delhi 04-02-2026 (1) (1).pdf,"still there. “The person does not know which voter list is more important, that of the Assembly or the vil- lage pradhan,” Mr. Yadav claimed. EC teaming up with BJP to delete PDA voters from list through Form-7: Akhilesh Press Trust of India LUCKNOW Samajwadi Party president Akhilesh Yadav with party leaders at a press conference in Lucknow on Tuesday. SANDEEP SAXENA Chief Minister M.K. Stalin has...",False,Not Applicable,Not Applicable,Not Applicable
UPSC_0011_20260213,TH Delhi 04-02-2026 (1) (1).pdf,"had been released. Section 94 (2) of the Act, dealing with ﬁscal mea- sures including tax incen- tives to two Telugu States, says that the Union govern- ment should support the programmes for the deve- lopment of backward areas in the successor States, in- cluding expansion of phys- ical and social infrastruc- ture. The Centre had accordingly released ₹2,700 crore, ₹450 crore a year at ₹50 crore e...",True,GS2,"Functions and responsibilities of the Union and the States, issues and challenges pertaining to the federal structure","The refusal of the Union government to release further funds under Section 94(2) of the Andhra Pradesh Reorganisation Act, despite requests from Telangana, highlights the challenges in federal fiscal relations and the implementation of statutory commitments. This issue underscores the complexities in Centre-State financial dynamics and the need for transparent mechanisms to ensure equitable development across states. It raises questions about the effectiveness of statutory provisions in addressing regional disparities and the role of the central government in fulfilling its obligations towards backward areas, as mandated by law. This situation is pertinent to discussions on federalism and fiscal decentralization in India."
UPSC_0011_20260213,TH Delhi 04-02-2026 (1) (1).pdf,"had been released. Section 94 (2) of the Act, dealing with ﬁscal mea- sures including tax incen- tives to two Telugu States, says that the Union govern- ment should support the programmes for the deve- lopment of backward areas in the successor States, in- cluding expansion of phys- ical and social infrastruc- ture. The Centre had accordingly released ₹2,700 crore, ₹450 crore a year at ₹50 crore e...",True,GS3,Government policies and interventions for development in various sectors and issues arising out of their design and implementation,"The rise in cancer cases in Telangana, as reported, emphasizes the growing public health challenge and the need for robust healthcare policies focusing on early detection and awareness. This development is significant in the context of India's healthcare infrastructure and the policy measures required to address non-communicable diseases. It highlights the importance of preventive healthcare and the role of government interventions in strengthening healthcare delivery systems. This issue is relevant for discussions on public health policy, healthcare access, and the socio-economic implications of rising disease burdens in India."
UPSC_0011_20260213,TH Delhi 04-02-2026 (1) (1).pdf,"had been released. Section 94 (2) of the Act, dealing with ﬁscal mea- sures including tax incen- tives to two Telugu States, says that the Union govern- ment should support the programmes for the deve- lopment of backward areas in the successor States, in- cluding expansion of phys- ical and social infrastruc- ture. The Centre had accordingly released ₹2,700 crore, ₹450 crore a year at ₹50 crore e...",False,Not Applicable,Not Applicable,Not Applicable
UPSC_0011_20260213,TH Delhi 04-02-2026 (1) (1).pdf,"had been released. Section 94 (2) of the Act, dealing with ﬁscal mea- sures including tax incen- tives to two Telugu States, says that the Union govern- ment should support the programmes for the deve- lopment of backward areas in the successor States, in- cluding expansion of phys- ical and social infrastruc- ture. The Centre had accordingly released ₹2,700 crore, ₹450 crore a year at ₹50 crore e...",True,GS2,Separation of powers between various organs dispute redressal mechanisms and institutions,"The Supreme Court's decision to grant interim bail to former Chhattisgarh Minister Kawasi Lakhma in liquor scam cases highlights the judicial processes involved in high-profile corruption cases. This case underscores the balance of power between the judiciary and investigative agencies, and the safeguards in place to ensure fair trials. It reflects on the role of the judiciary in upholding the rights of the accused while maintaining the integrity of the legal process. This development is pertinent to discussions on judicial activism, accountability, and the effectiveness of anti-corruption measures in India."
UPSC_0011_20260213,TH Delhi 04-02-2026 (1) (1).pdf,"had been released. Section 94 (2) of the Act, dealing with ﬁscal mea- sures including tax incen- tives to two Telugu States, says that the Union govern- ment should support the programmes for the deve- lopment of backward areas in the successor States, in- cluding expansion of phys- ical and social infrastruc- ture. The Centre had accordingly released ₹2,700 crore, ₹450 crore a year at ₹50 crore e...",True,GS3,"Effects of liberalization on the economy, changes in industrial policy and their effects on industrial growth","The announcement of a trade deal between India and the United States, reducing tariffs on Indian imports, is a significant development in the context of India's trade policy and economic diplomacy. This deal, while promising enhanced market access for Indian goods, also raises questions about India's strategic trade alignments, particularly in light of geopolitical tensions and energy dependencies. The implications of this deal for India's manufacturing sectors and its broader economic strategy are crucial for understanding the impact of liberalization and trade agreements on industrial growth and economic resilience. This issue is relevant for discussions on international trade policies and economic reforms."
UPSC_0012_20260213,TH Delhi 04-02-2026 (1) (1).pdf,"Rahman from its squad, and this move un- leashed a catastrophic domino eﬀect on the championship. The omission was seen as a reac- tion to the assault against Hindus in Bangladesh. What India did not bargain for was the ﬁery reaction from Dhaka. The Bangladesh Cricket Board cited security concerns and requested the International Cricket Council (ICC) to shift its four early games away from India. ...",True,GS2,India and its neighborhood- relations.,"The geopolitical tensions involving India, Bangladesh, and Pakistan, as highlighted by the ICC T20 World Cup scenario, underscore the intricate interplay between sports and international relations in South Asia. The political reactions to the exclusion of a Bangladeshi player and subsequent diplomatic maneuvers reflect deeper historical and cultural ties, particularly the legacy of Bangladesh's independence from Pakistan in 1971. This situation provides a lens to examine the influence of domestic politics on international sports events and the broader implications for regional diplomacy. Understanding these dynamics is crucial for analyzing India's foreign policy and its neighborhood relations, especially in the context of cultural diplomacy and soft power."
UPSC_0012_20260213,TH Delhi 04-02-2026 (1) (1).pdf,"Rahman from its squad, and this move un- leashed a catastrophic domino eﬀect on the championship. The omission was seen as a reac- tion to the assault against Hindus in Bangladesh. What India did not bargain for was the ﬁery reaction from Dhaka. The Bangladesh Cricket Board cited security concerns and requested the International Cricket Council (ICC) to shift its four early games away from India. ...",True,GS3,"Infrastructure: Energy, Ports, Roads, Airports, Railways etc.","The shift from 'molecules to electrons' in industrial energy use represents a significant transformation in global energy infrastructure, with China leading the way. This transition highlights the strategic importance of electrification in enhancing industrial competitiveness, reducing carbon emissions, and ensuring energy security. For India, the challenge lies in increasing the share of 'green electrons' in its industrial energy mix to avoid potential trade penalties like the EU's Carbon Border Adjustment Mechanism. This development is crucial for India's energy policy, as it aligns with sustainable development goals and the need for a robust industrial policy that integrates renewable energy sources."
UPSC_0012_20260213,TH Delhi 04-02-2026 (1) (1).pdf,"Rahman from its squad, and this move un- leashed a catastrophic domino eﬀect on the championship. The omission was seen as a reac- tion to the assault against Hindus in Bangladesh. What India did not bargain for was the ﬁery reaction from Dhaka. The Bangladesh Cricket Board cited security concerns and requested the International Cricket Council (ICC) to shift its four early games away from India. ...",True,GS3,Science and Technology- developments and their applications and effects in everyday life.,"The evolution of the AI industry from infrastructure investment to application-driven profitability marks a pivotal shift in technological development. The focus on AI applications, particularly in sectors like healthcare, law, and finance, underscores the importance of integrating AI into practical workflows to achieve economic viability. This transition raises critical issues around competition, intellectual property, and privacy, necessitating thoughtful regulatory frameworks. For UPSC, this topic is relevant for understanding the implications of AI on economic growth, ethical considerations in technology, and the role of policy in fostering innovation while safeguarding public interest."
UPSC_0012_20260213,TH Delhi 04-02-2026 (1) (1).pdf,"Rahman from its squad, and this move un- leashed a catastrophic domino eﬀect on the championship. The omission was seen as a reac- tion to the assault against Hindus in Bangladesh. What India did not bargain for was the ﬁery reaction from Dhaka. The Bangladesh Cricket Board cited security concerns and requested the International Cricket Council (ICC) to shift its four early games away from India. ...",False,Not Applicable,Not Applicable,Not Applicable
UPSC_0013_20260213,TH Delhi 04-02-2026 (1) (1).pdf,"and business information. Policymakers should not hurry into strict regulations. The application layer needs room to experiment, fail and improve until it ﬁnds product-market ﬁt. But still, rules about competition, especially reviews of acquisitions that prevent big companies from buying and shutting down potential rivals, are important. The trend of acqui-hires (where startups are bought mainly f...",True,GS2,"Parliament and State legislatures—structure, functioning, conduct of business, powers & privileges and issues arising out of these.","The controversy surrounding the misuse of MPLADS funds by certain MPs highlights critical governance issues related to the accountability and transparency of public fund utilization. The MPLADS scheme, which allows MPs to recommend developmental projects in their constituencies, is under scrutiny for potential misuse across state boundaries, raising questions about its alignment with its core objectives. This situation underscores the need for stringent oversight mechanisms and transparent reporting to ensure that public funds are used effectively and equitably. The debate also touches upon the broader issue of decentralization and the role of MPs in local development, which is a significant aspect of parliamentary governance and public administration."
UPSC_0013_20260213,TH Delhi 04-02-2026 (1) (1).pdf,"and business information. Policymakers should not hurry into strict regulations. The application layer needs room to experiment, fail and improve until it ﬁnds product-market ﬁt. But still, rules about competition, especially reviews of acquisitions that prevent big companies from buying and shutting down potential rivals, are important. The trend of acqui-hires (where startups are bought mainly f...",True,GS2,India and its neighborhood- relations.,"The reduction of tariffs by the U.S. on Indian goods, amidst complex geopolitical dynamics, reflects the intricate nature of international trade relations and economic diplomacy. This development is significant in the context of India's strategic trade agreements with other global powers, such as the European Union, and highlights the balancing act required in foreign policy to maintain favorable trade terms while navigating political pressures. The situation illustrates the challenges of bilateral negotiations and the importance of strategic restraint and clarity in international relations, which are crucial for maintaining India's economic interests and sovereignty."
UPSC_0013_20260213,TH Delhi 04-02-2026 (1) (1).pdf,"and business information. Policymakers should not hurry into strict regulations. The application layer needs room to experiment, fail and improve until it ﬁnds product-market ﬁt. But still, rules about competition, especially reviews of acquisitions that prevent big companies from buying and shutting down potential rivals, are important. The trend of acqui-hires (where startups are bought mainly f...",False,Not Applicable,Not Applicable,Not Applicable
UPSC_0013_20260213,TH Delhi 04-02-2026 (1) (1).pdf,"and business information. Policymakers should not hurry into strict regulations. The application layer needs room to experiment, fail and improve until it ﬁnds product-market ﬁt. But still, rules about competition, especially reviews of acquisitions that prevent big companies from buying and shutting down potential rivals, are important. The trend of acqui-hires (where startups are bought mainly f...",True,GS1,"Salient features of Indian Society, Diversity of India.","The BJP's struggle to gain a foothold in Tamil Nadu, despite the state's rich religious and cultural heritage, underscores the complex interplay between religion, politics, and social identity in India. The state's socio-religious traditions, deeply rooted in anti-Brahmin sentiments and diverse sectarian identities, present a unique challenge to the homogenizing political narratives often associated with Hindutva. This scenario highlights the importance of understanding regional cultural dynamics and the historical context of social movements, such as the Dravidian movement, in shaping political landscapes. It also reflects the broader theme of how cultural diversity influences political strategies and electoral outcomes in India."
UPSC_0014_20260213,TH Delhi 04-02-2026 (1) (1).pdf,"lines this fragmentation. The antagonism between Shaivites and Vaishnavites has been no less intense. The Dravidian movement itself has its roots in the histor- ical conﬂict between Brah- mins and Vellalas. The Vella- las, a land-holding community with expertise in agriculture, were predominantly Shaivites. The intellectual foundation of the Dravidian movement was laid largely by educated Vella- l...",True,GS1,Post-independence consolidation and reorganization within the country,"The historical and socio-political dynamics of Tamil Nadu, particularly the Dravidian movement, illustrate the complex interplay between caste, religion, and politics. The Dravidian movement's roots in anti-Brahmin sentiment and its evolution through parties like DMK and AIADMK highlight the region's unique political landscape. This has implications for understanding regional political identity and resistance to national parties like the BJP, which struggles to penetrate due to its perceived alignment with Brahminical Hinduism. This case study connects to the UPSC syllabus by examining how historical social movements shape contemporary political structures and identities in India."
UPSC_0014_20260213,TH Delhi 04-02-2026 (1) (1).pdf,"lines this fragmentation. The antagonism between Shaivites and Vaishnavites has been no less intense. The Dravidian movement itself has its roots in the histor- ical conﬂict between Brah- mins and Vellalas. The Vella- las, a land-holding community with expertise in agriculture, were predominantly Shaivites. The intellectual foundation of the Dravidian movement was laid largely by educated Vella- l...",True,GS2,"Functions and responsibilities of the Union and the States, issues and challenges pertaining to the federal structure","The 16th Finance Commission's recommendations on vertical devolution highlight ongoing tensions in India's federal structure. By maintaining the devolution rate at 41% and allowing the Centre to increase revenue through cesses and surcharges, the Commission prioritizes central fiscal needs over state demands. This raises questions about fiscal federalism and the equitable distribution of resources, as states argue for a larger share to meet their constitutional responsibilities. The situation underscores the need for a balanced approach to fiscal policy that respects state autonomy while addressing national priorities, a critical issue for governance and federal relations in India."
UPSC_0014_20260213,TH Delhi 04-02-2026 (1) (1).pdf,"lines this fragmentation. The antagonism between Shaivites and Vaishnavites has been no less intense. The Dravidian movement itself has its roots in the histor- ical conﬂict between Brah- mins and Vellalas. The Vella- las, a land-holding community with expertise in agriculture, were predominantly Shaivites. The intellectual foundation of the Dravidian movement was laid largely by educated Vella- l...",True,GS3,Science and Technology- developments and their applications and effects in everyday life,"India's space program, as reflected in the recent budget allocations, is at a crossroads between state-led initiatives and the need for structural reforms to boost private sector participation. Despite significant budget increases, the lack of incentives like a Production Linked Incentive (PLI) scheme for space-grade components and rationalized GST rates for satellite launches indicates a gap between policy rhetoric and implementation. This situation highlights the challenges in transitioning from a government-dominated space sector to a more competitive, private-led industry, which is crucial for technological advancement and economic growth in the space domain."
UPSC_0014_20260213,TH Delhi 04-02-2026 (1) (1).pdf,"lines this fragmentation. The antagonism between Shaivites and Vaishnavites has been no less intense. The Dravidian movement itself has its roots in the histor- ical conﬂict between Brah- mins and Vellalas. The Vella- las, a land-holding community with expertise in agriculture, were predominantly Shaivites. The intellectual foundation of the Dravidian movement was laid largely by educated Vella- l...",False,Not Applicable,Not Applicable,Not Applicable
UPSC_0014_20260213,TH Delhi 04-02-2026 (1) (1).pdf,"lines this fragmentation. The antagonism between Shaivites and Vaishnavites has been no less intense. The Dravidian movement itself has its roots in the histor- ical conﬂict between Brah- mins and Vellalas. The Vella- las, a land-holding community with expertise in agriculture, were predominantly Shaivites. The intellectual foundation of the Dravidian movement was laid largely by educated Vella- l...",False,Not Applicable,Not Applicable,Not Applicable
UPSC_0014_20260213,TH Delhi 04-02-2026 (1) (1).pdf,"lines this fragmentation. The antagonism between Shaivites and Vaishnavites has been no less intense. The Dravidian movement itself has its roots in the histor- ical conﬂict between Brah- mins and Vellalas. The Vella- las, a land-holding community with expertise in agriculture, were predominantly Shaivites. The intellectual foundation of the Dravidian movement was laid largely by educated Vella- l...",False,Not Applicable,Not Applicable,Not Applicable
UPSC_0015_20260213,TH Delhi 04-02-2026 (1) (1).pdf,"make Indian space manufacturing globally competitive. As articulated in pre-budget memoranda submitted by SIA-India and ISpA to the Ministry, the sector desperately needs a Production Linked Incentive (PLI) scheme for space-grade components, echoing the success seen in the mobile manufacturing sector. They further recommended rationalising GST rates for satellite launches to lower entry barriers. ...",True,GS3,"Awareness in the fields of Space, Achievements of Indians in science & technology; indigenization of technology and developing new technology.","The article highlights the challenges faced by India's private space sector due to the lack of supportive fiscal policies in the 2026-2027 Union Budget. Despite the government's ambition to increase India's share in the global space market, the absence of a Production Linked Incentive (PLI) scheme for space-grade components and the failure to rationalize GST rates for satellite launches hinder competitiveness. The lack of 'critical infrastructure' status for the space sector further exacerbates financial constraints, limiting access to low-cost capital. This situation underscores the disconnect between policy rhetoric and financial realities, affecting India's technological indigenization and innovation potential. For UPSC, this connects to the need for policy reforms to foster a robust space economy, aligning with GS3 topics on technology and economic development."
UPSC_0016_20260213,TH Delhi 04-02-2026 (1) (1).pdf,"indication, the government seems to be turning the tanker. The FY2027 defence budget, hovering near the substantial ₹8 lakh crore mark, has the potential to meet the demands of a rapidly modernising military force and an expanding domestic defence industry. The capital outlay The absolute ﬁgures are robust. The total Ministry of Defence (MoD) expenditure has touched a historic high, nearing ₹7,84,...",True,GS3,Security challenges and their management in border areas; linkages of organized crime with terrorism,"The FY2027 defence budget marks a significant shift in India's defense policy, emphasizing modernization and domestic production amid geopolitical tensions. With a record allocation nearing ₹8 lakh crore, the budget reflects a strategic pivot towards enhancing military capabilities and supporting the Aatmanirbhar Bharat initiative. The increased capital outlay, rising to 27.9% of the total defense budget, highlights a focus on acquiring advanced technologies and replenishing war reserves, especially in light of recent conflicts and the institutionalization of Emergency Procurement. This development is crucial for UPSC aspirants to understand the intersection of fiscal policy, national security, and defense industrial policy, as it reflects India's strategic priorities in a volatile regional environment."
UPSC_0016_20260213,TH Delhi 04-02-2026 (1) (1).pdf,"indication, the government seems to be turning the tanker. The FY2027 defence budget, hovering near the substantial ₹8 lakh crore mark, has the potential to meet the demands of a rapidly modernising military force and an expanding domestic defence industry. The capital outlay The absolute ﬁgures are robust. The total Ministry of Defence (MoD) expenditure has touched a historic high, nearing ₹7,84,...",True,GS2,Separation of powers between various organs dispute redressal mechanisms and institutions,"The petition challenging the imposition of President's Rule in Manipur and the dissolution of the state's legislative assembly raises important constitutional questions about the separation of powers and the role of the Governor. The case involves the interpretation of Article 174 of the Constitution, which mandates the convening of the assembly within six months. This situation underscores the tension between executive decisions and legislative autonomy, providing a critical lens for examining governance and constitutional provisions in the context of state emergencies. For UPSC, this highlights the importance of understanding constitutional safeguards and the balance of power in federal structures."
UPSC_0017_20260213,TH Delhi 04-02-2026 (1) (1).pdf,"the violation of Article 174(1)”. Meanwhile, the Kang- pokpi District Internally Displaced Welfare Com- mittee rejected the March 31 deadline for the resettle- ment of the internally dis- placed persons, calling it unrealistic and unworka- ble in the absence of basic infrastructure. Manipur House must be dissolved: Cong. leader State Congress president moves HC against the ‘unconstitutional acts’ ...",True,GS2,"Separation of powers between various organs, dispute redressal mechanisms and institutions","The issue of the Manipur House dissolution and the alleged violation of Article 174(1) raises significant constitutional questions about the separation of powers and the role of the Governor. Article 174(1) mandates the Governor to summon the House at least once every six months. The controversy involves the interpretation of constitutional provisions and the limits of gubernatorial powers, which are critical for understanding the checks and balances in Indian federalism. This case provides a contemporary context to analyze the constitutional framework governing state legislatures and the potential for executive overreach."
UPSC_0017_20260213,TH Delhi 04-02-2026 (1) (1).pdf,"the violation of Article 174(1)”. Meanwhile, the Kang- pokpi District Internally Displaced Welfare Com- mittee rejected the March 31 deadline for the resettle- ment of the internally dis- placed persons, calling it unrealistic and unworka- ble in the absence of basic infrastructure. Manipur House must be dissolved: Cong. leader State Congress president moves HC against the ‘unconstitutional acts’ ...",True,GS2,Government policies and interventions for development in various sectors and issues arising out of their design and implementation,"The BJP's memorandum to the Governor of West Bengal regarding alleged harassment during the revision of electoral rolls highlights issues of electoral integrity and governance. This situation underscores the challenges in implementing electoral reforms and maintaining transparency and fairness in the electoral process. It also raises questions about the role of political parties and state machinery in influencing electoral outcomes, which is crucial for ensuring free and fair elections as a cornerstone of democratic governance."
UPSC_0017_20260213,TH Delhi 04-02-2026 (1) (1).pdf,"the violation of Article 174(1)”. Meanwhile, the Kang- pokpi District Internally Displaced Welfare Com- mittee rejected the March 31 deadline for the resettle- ment of the internally dis- placed persons, calling it unrealistic and unworka- ble in the absence of basic infrastructure. Manipur House must be dissolved: Cong. leader State Congress president moves HC against the ‘unconstitutional acts’ ...",True,GS3,Security challenges and their management in border areas; linkages of organized crime with terrorism,"The Enforcement Directorate's action in West Bengal concerning the coal smuggling scam is a significant development in addressing organized crime and its economic implications. This case illustrates the nexus between illegal economic activities and governance challenges, highlighting the need for robust law enforcement and regulatory mechanisms. It also reflects on the broader implications for national security and economic stability, as such activities can fund other illicit operations, including terrorism."
UPSC_0017_20260213,TH Delhi 04-02-2026 (1) (1).pdf,"the violation of Article 174(1)”. Meanwhile, the Kang- pokpi District Internally Displaced Welfare Com- mittee rejected the March 31 deadline for the resettle- ment of the internally dis- placed persons, calling it unrealistic and unworka- ble in the absence of basic infrastructure. Manipur House must be dissolved: Cong. leader State Congress president moves HC against the ‘unconstitutional acts’ ...",True,GS3,Science and Technology- developments and their applications and effects in everyday life,"The Supreme Court's scrutiny of WhatsApp and Meta regarding data privacy issues underscores the critical intersection of technology, privacy, and law. The court's concerns about data exploitation highlight the need for comprehensive data protection frameworks, such as the Digital Personal Data Protection Act, 2023. This case is pivotal for understanding the balance between technological advancements and individual rights, emphasizing the importance of regulatory measures in safeguarding privacy in the digital age."
UPSC_0017_20260213,TH Delhi 04-02-2026 (1) (1).pdf,"the violation of Article 174(1)”. Meanwhile, the Kang- pokpi District Internally Displaced Welfare Com- mittee rejected the March 31 deadline for the resettle- ment of the internally dis- placed persons, calling it unrealistic and unworka- ble in the absence of basic infrastructure. Manipur House must be dissolved: Cong. leader State Congress president moves HC against the ‘unconstitutional acts’ ...",True,GS2,"Mechanisms, laws, institutions and Bodies constituted for the protection and betterment of vulnerable sections",The rising incidents of harassment against Kashmiris outside Jammu and Kashmir and the political response highlight the challenges in ensuring the safety and integration of vulnerable communities. This issue calls for an examination of the effectiveness of existing legal and institutional frameworks in protecting minority rights and addressing hate crimes. It also reflects on the role of state and central governments in fostering social harmony and the implications for national unity and security.
UPSC_0018_20260213,TH Delhi 04-02-2026 (1) (1).pdf,"India amid uncertainties. In the past one year, In- dia has ﬁnalised trade agreements with the Euro- pean Union, the United Kingdom, Oman, New Zea- land, and the United States. The meeting, the ﬁrst of NDA MPs during the Bud- get Session, congratulated the newly elected BJP na- tional president, Nitin Na- bin, who was present. According to an MP who attended the meeting, Mr. Modi said India’s stre...",True,GS2,"Bilateral, regional and global groupings and agreements involving India and/or affecting India’s interests","The recent series of trade agreements between India and several developed nations, including the United States, highlights India's strategic diplomatic engagements amid global uncertainties. These agreements, particularly the India-U.S. tariff adjustments, reflect India's growing stature in international trade negotiations. However, the lack of formal documentation and clarity on the specifics of these deals raises concerns about transparency and the potential impact on domestic sectors like agriculture. This situation underscores the importance of balancing international trade benefits with safeguarding national economic interests, a critical aspect of India's foreign policy and economic strategy."
UPSC_0018_20260213,TH Delhi 04-02-2026 (1) (1).pdf,"India amid uncertainties. In the past one year, In- dia has ﬁnalised trade agreements with the Euro- pean Union, the United Kingdom, Oman, New Zea- land, and the United States. The meeting, the ﬁrst of NDA MPs during the Bud- get Session, congratulated the newly elected BJP na- tional president, Nitin Na- bin, who was present. According to an MP who attended the meeting, Mr. Modi said India’s stre...",True,GS3,"Effects of liberalization on the economy, changes in industrial policy and their effects on industrial growth","The trade agreement between India and the U.S., which includes tariff reductions, is a significant development in the context of economic liberalization. While it promises to boost exports, particularly in sectors like seafood, it also raises concerns about the potential influx of subsidized U.S. agricultural products into India. This could adversely affect Indian farmers, highlighting the challenges of liberalization where benefits to exporters must be weighed against the risks to domestic industries. The situation calls for a nuanced approach to trade policy that ensures economic growth does not come at the expense of vulnerable sectors."
UPSC_0018_20260213,TH Delhi 04-02-2026 (1) (1).pdf,"India amid uncertainties. In the past one year, In- dia has ﬁnalised trade agreements with the Euro- pean Union, the United Kingdom, Oman, New Zea- land, and the United States. The meeting, the ﬁrst of NDA MPs during the Bud- get Session, congratulated the newly elected BJP na- tional president, Nitin Na- bin, who was present. According to an MP who attended the meeting, Mr. Modi said India’s stre...",True,GS2,"Effect of policies and politics of developed and developing countries on India’s interests, Indian diaspora","The India-U.S. trade deal, particularly the aspect of reducing tariffs and the potential shift in oil import sources, reflects the complex interplay of international politics and economic interests. The U.S.'s influence in redirecting India's oil imports from Russia to possibly Venezuela raises questions about India's strategic autonomy in foreign policy decisions. This development is significant for understanding how global power dynamics and bilateral relations can impact national policy decisions, emphasizing the need for India to navigate these pressures while maintaining its strategic interests and economic sovereignty."
UPSC_0019_20260213,TH Delhi 04-02-2026 (1) (1).pdf,"In- dia-U.S. trade deal does not impact the lives of Indian farmers. Speaking on the second day of the discussion in the Upper House on the Mo- tion to Thanks to President Droupadi Murmu for her address to Parliament, Op- position members ques- tioned the government ov- er the announcement of the deal by U.S. President Donald Trump and alleged that the Narendra Modi go- vernment succumbed to U.S. ...",True,GS2,India and its neighborhood- relations.,"The India-U.S. trade deal, announced by U.S. President Donald Trump, has sparked significant debate in the Indian Parliament. Opposition members have raised concerns about the potential impact on Indian farmers and the broader agricultural sector, questioning whether the Modi government has succumbed to U.S. pressure. This situation highlights the delicate balance in international trade negotiations, where economic benefits must be weighed against domestic sectoral impacts. For UPSC, this issue is relevant under GS2, focusing on India's international relations and trade policies. It requires an analysis of how such deals align with national interests, sovereignty, and the protection of vulnerable domestic sectors."
UPSC_0019_20260213,TH Delhi 04-02-2026 (1) (1).pdf,"In- dia-U.S. trade deal does not impact the lives of Indian farmers. Speaking on the second day of the discussion in the Upper House on the Mo- tion to Thanks to President Droupadi Murmu for her address to Parliament, Op- position members ques- tioned the government ov- er the announcement of the deal by U.S. President Donald Trump and alleged that the Narendra Modi go- vernment succumbed to U.S. ...",True,GS2,"Appointment to various Constitutional posts, powers, functions and responsibilities of various Constitutional Bodies.","The potential impeachment motion against Chief Election Commissioner Gyanesh Kumar, as discussed by West Bengal Chief Minister Mamata Banerjee, underscores the constitutional processes involved in the removal of high-ranking officials. This situation raises questions about the independence and accountability of constitutional bodies like the Election Commission of India. For UPSC, this is pertinent under GS2, focusing on the appointment and removal processes of constitutional authorities. It invites an analysis of the checks and balances in place to ensure these bodies function impartially and the political dynamics that can influence such processes."
UPSC_0019_20260213,TH Delhi 04-02-2026 (1) (1).pdf,"In- dia-U.S. trade deal does not impact the lives of Indian farmers. Speaking on the second day of the discussion in the Upper House on the Mo- tion to Thanks to President Droupadi Murmu for her address to Parliament, Op- position members ques- tioned the government ov- er the announcement of the deal by U.S. President Donald Trump and alleged that the Narendra Modi go- vernment succumbed to U.S. ...",True,GS2,Separation of powers between various organs dispute redressal mechanisms and institutions.,"The Supreme Court's recent trend of not confirming any death penalty sentences over the past three years highlights the judiciary's evolving stance on capital punishment. This development is significant in the context of the separation of powers and the role of the judiciary in safeguarding human rights. For UPSC, this issue is relevant under GS2, focusing on the judiciary's role in dispute resolution and upholding constitutional values. It prompts an analysis of the ethical and legal considerations surrounding the death penalty and the implications of judicial restraint in capital punishment cases."
UPSC_0020_20260213,TH Delhi 04-02-2026 (1) (1).pdf,"at the sentencing stage. Despite clear guidelines laid down by the Supreme Court in Manoj vs State of Madhya Pradesh, which mandate psychological evaluations, prison con- duct reports, and mitiga- tion hearings — which were elevated to a fair trial right requirement in Vasanta Sampat Dupare vs Union of India — in 2025, nearly 95% of death sentences in 2025 were imposed without compliance. Sentenci...",True,GS2,"Separation of powers between various organs, dispute redressal mechanisms and institutions","The report highlights a critical governance issue regarding the non-compliance with Supreme Court guidelines in death penalty cases, specifically the lack of psychological evaluations and mitigation hearings. This raises concerns about the right to a fair trial, a constitutional mandate. The high rate of acquittals by the Supreme Court, despite numerous lower court death sentences, underscores systemic flaws in the judicial process. This situation demands an analysis of the effectiveness of judicial reforms and the need for stricter adherence to procedural safeguards, aligning with the UPSC focus on judicial accountability and the protection of fundamental rights."
UPSC_0020_20260213,TH Delhi 04-02-2026 (1) (1).pdf,"at the sentencing stage. Despite clear guidelines laid down by the Supreme Court in Manoj vs State of Madhya Pradesh, which mandate psychological evaluations, prison con- duct reports, and mitiga- tion hearings — which were elevated to a fair trial right requirement in Vasanta Sampat Dupare vs Union of India — in 2025, nearly 95% of death sentences in 2025 were imposed without compliance. Sentenci...",True,GS2,Issues relating to poverty and hunger,"The potential impact of reduced Official Development Assistance (ODA) on global health, particularly in low- and middle-income countries, is a pressing international issue. The study warns of millions of additional deaths due to cuts in aid, highlighting the ethical and humanitarian dimensions of international relations. This situation calls for an examination of the role of international aid in achieving Sustainable Development Goals (SDGs), particularly in health and poverty alleviation. It also raises questions about the responsibility of developed nations in supporting global health initiatives, a key area of interest in international relations and ethical governance."
UPSC_0020_20260213,TH Delhi 04-02-2026 (1) (1).pdf,"at the sentencing stage. Despite clear guidelines laid down by the Supreme Court in Manoj vs State of Madhya Pradesh, which mandate psychological evaluations, prison con- duct reports, and mitiga- tion hearings — which were elevated to a fair trial right requirement in Vasanta Sampat Dupare vs Union of India — in 2025, nearly 95% of death sentences in 2025 were imposed without compliance. Sentenci...",True,GS2,Welfare schemes for vulnerable sections of the population by the Centre and States and the performance of these schemes,"The enumeration of waste-pickers under the NAMASTE scheme reveals significant socio-economic data, with a majority belonging to SC, ST, and OBC communities. This initiative aims to formalize and improve the working conditions of these marginalized groups, addressing issues of social justice and economic inequality. Analyzing the implementation and impact of such welfare schemes is crucial for understanding their role in empowering vulnerable sections and promoting inclusive growth. This aligns with the UPSC focus on evaluating government schemes and their effectiveness in addressing social disparities."
UPSC_0020_20260213,TH Delhi 04-02-2026 (1) (1).pdf,"at the sentencing stage. Despite clear guidelines laid down by the Supreme Court in Manoj vs State of Madhya Pradesh, which mandate psychological evaluations, prison con- duct reports, and mitiga- tion hearings — which were elevated to a fair trial right requirement in Vasanta Sampat Dupare vs Union of India — in 2025, nearly 95% of death sentences in 2025 were imposed without compliance. Sentenci...",False,Not Applicable,Not Applicable,Not Applicable
UPSC_0021_20260213,TH Delhi 04-02-2026 (1) (1).pdf,. . . . 20.60 HDFC Life. . . . . . . . . . . . . . . . . .. . . . . . . . . 720.15. . . . . . . . . . . . 2.65 Hindalco . . . . . . . . . . . . . . . . . . .. . . . . . . . . 955.30. . . . . . . . . . 24.80 Hind Unilever . . . . . . . . . . .. . . . . . . 2368.60. . . . . . . . . . 11.30 ICICI Bank. . . . . . . . . . . . . . . . .. . . . . . . 1389.70. . . . . . . . . . 36.90 IntGlobeAvi. . . . . ...,True,GS2,India and its neighborhood- relations,"India and Bhutan's decision to strengthen cooperation in the power sector, particularly through the commercial optimization of the Punatsangchhu-II Hydroelectric Project, highlights the strategic importance of energy diplomacy in India's neighborhood relations. This development aligns with India's broader foreign policy objectives of fostering regional stability and economic integration. For UPSC aspirants, this case offers insights into the practical application of bilateral agreements in energy cooperation, showcasing how such collaborations can enhance mutual benefits and regional connectivity. It also underscores the role of energy security in diplomatic relations, a critical aspect of India's foreign policy strategy."
UPSC_0021_20260213,TH Delhi 04-02-2026 (1) (1).pdf,. . . . 20.60 HDFC Life. . . . . . . . . . . . . . . . . .. . . . . . . . . 720.15. . . . . . . . . . . . 2.65 Hindalco . . . . . . . . . . . . . . . . . . .. . . . . . . . . 955.30. . . . . . . . . . 24.80 Hind Unilever . . . . . . . . . . .. . . . . . . 2368.60. . . . . . . . . . 11.30 ICICI Bank. . . . . . . . . . . . . . . . .. . . . . . . 1389.70. . . . . . . . . . 36.90 IntGlobeAvi. . . . . ...,True,GS3,"Indian Economy and issues relating to planning, mobilization, of resources, growth, development and employment","The government's commitment to minimizing import dependence through 'Make in India' initiatives, exemplified by the MoU between Adani Defence & Aerospace and Leonardo, reflects a strategic shift towards self-reliance in the defense manufacturing sector. This aligns with the broader economic policy of enhancing domestic capabilities and reducing foreign dependency. For UPSC, this development is significant as it ties into economic reforms aimed at boosting indigenous production, creating employment, and fostering technological advancements. It also raises questions about the balance between global partnerships and national interests in the context of defense and economic policy."
UPSC_0021_20260213,TH Delhi 04-02-2026 (1) (1).pdf,. . . . 20.60 HDFC Life. . . . . . . . . . . . . . . . . .. . . . . . . . . 720.15. . . . . . . . . . . . 2.65 Hindalco . . . . . . . . . . . . . . . . . . .. . . . . . . . . 955.30. . . . . . . . . . 24.80 Hind Unilever . . . . . . . . . . .. . . . . . . 2368.60. . . . . . . . . . 11.30 ICICI Bank. . . . . . . . . . . . . . . . .. . . . . . . 1389.70. . . . . . . . . . 36.90 IntGlobeAvi. . . . . ...,True,GS3,"Effects of liberalization on the economy, changes in industrial policy and their effects on industrial growth","The reduction of tariffs to 18% on textile and apparel exports to the U.S. is expected to revive orders and investments, highlighting the impact of trade policy on industrial growth. This tariff adjustment is a response to declining exports, demonstrating how international trade policies can influence domestic industries. For UPSC, this scenario provides a case study on the effects of liberalization and trade agreements on economic sectors. It underscores the importance of adaptive trade policies in sustaining industrial growth and competitiveness in the global market, a critical aspect of India's economic strategy."
UPSC_0021_20260213,TH Delhi 04-02-2026 (1) (1).pdf,. . . . 20.60 HDFC Life. . . . . . . . . . . . . . . . . .. . . . . . . . . 720.15. . . . . . . . . . . . 2.65 Hindalco . . . . . . . . . . . . . . . . . . .. . . . . . . . . 955.30. . . . . . . . . . 24.80 Hind Unilever . . . . . . . . . . .. . . . . . . 2368.60. . . . . . . . . . 11.30 ICICI Bank. . . . . . . . . . . . . . . . .. . . . . . . 1389.70. . . . . . . . . . 36.90 IntGlobeAvi. . . . . ...,False,Not Applicable,Not Applicable,Not Applicable
UPSC_0021_20260213,TH Delhi 04-02-2026 (1) (1).pdf,. . . . 20.60 HDFC Life. . . . . . . . . . . . . . . . . .. . . . . . . . . 720.15. . . . . . . . . . . . 2.65 Hindalco . . . . . . . . . . . . . . . . . . .. . . . . . . . . 955.30. . . . . . . . . . 24.80 Hind Unilever . . . . . . . . . . .. . . . . . . 2368.60. . . . . . . . . . 11.30 ICICI Bank. . . . . . . . . . . . . . . . .. . . . . . . 1389.70. . . . . . . . . . 36.90 IntGlobeAvi. . . . . ...,False,Not Applicable,Not Applicable,Not Applicable
UPSC_0022_20260213,TH Delhi 04-02-2026 (1) (1).pdf,"very si- milar to those of other crude, they said. Notably, Indian authori- ties have not yet conﬁrmed or denied Mr. Trump’s as- sertions regarding India’s oil purchases. “Venezuelan crude apart from being bottom- heavy, also has high viscos- ity and high acid number,” State-owned reﬁner Hin- dustan Petroleum’s Direc- tor for Reﬁneries S. Bha- rathan said in an analyst call earlier this month. In ...",True,GS2,"Bilateral, regional and global groupings and agreements involving India and/or affecting India's interests","The recent announcement of a reduction in reciprocal tariffs between India and the U.S. from 50% to 18% holds significant implications for India's trade policy and economic diplomacy. This development is expected to enhance the competitiveness of Indian exports, particularly in sectors like electronics and pharmaceuticals, by reducing trade barriers. It aligns with India's broader strategy to strengthen economic ties with major global economies and improve its trade balance. The move also highlights the importance of strategic economic partnerships in fostering manufacturing growth and employment generation in India. For UPSC aspirants, this situation underscores the dynamic interplay between international trade agreements and domestic economic policies, illustrating how diplomatic negotiations can directly impact national economic objectives."
UPSC_0022_20260213,TH Delhi 04-02-2026 (1) (1).pdf,"very si- milar to those of other crude, they said. Notably, Indian authori- ties have not yet conﬁrmed or denied Mr. Trump’s as- sertions regarding India’s oil purchases. “Venezuelan crude apart from being bottom- heavy, also has high viscos- ity and high acid number,” State-owned reﬁner Hin- dustan Petroleum’s Direc- tor for Reﬁneries S. Bha- rathan said in an analyst call earlier this month. In ...",True,GS2,"Effect of policies and politics of developed and developing countries on India's interests, Indian diaspora","The potential expiration of the New START treaty between the U.S. and Russia marks a critical juncture in global nuclear arms control, with significant implications for international security. The treaty's lapse could lead to an unregulated nuclear arms race, increasing global tensions and impacting India's strategic environment. As a nuclear-armed state, India must navigate this evolving landscape, balancing its security needs with its commitment to non-proliferation. This scenario highlights the importance of international treaties in maintaining global peace and the challenges posed by their dissolution. For UPSC, this underscores the relevance of understanding international security frameworks and their impact on national security strategies."
UPSC_0022_20260213,TH Delhi 04-02-2026 (1) (1).pdf,"very si- milar to those of other crude, they said. Notably, Indian authori- ties have not yet conﬁrmed or denied Mr. Trump’s as- sertions regarding India’s oil purchases. “Venezuelan crude apart from being bottom- heavy, also has high viscos- ity and high acid number,” State-owned reﬁner Hin- dustan Petroleum’s Direc- tor for Reﬁneries S. Bha- rathan said in an analyst call earlier this month. In ...",True,GS2,India and its neighborhood- relations,"The coordinated attacks by the Balochistan Liberation Army (BLA) in Pakistan's Balochistan province highlight ongoing regional instability with potential implications for India-Pakistan relations. The BLA's actions underscore the persistent ethnic and separatist tensions within Pakistan, which could affect regional security dynamics. For India, these developments are significant given the historical context of India-Pakistan relations and the potential for cross-border implications. This situation also raises questions about the effectiveness of Pakistan's internal security measures and the broader geopolitical implications for South Asia. For UPSC, this case illustrates the complexities of regional security issues and their impact on bilateral relations."
UPSC_0023_20260213,TH Delhi 04-02-2026 (1) (1).pdf,"and 70 missiles of various types at Ukraine in a major attack overnight, Ukrainian President Volo- dymyr Zelenskyy said. The barrage came a day before the two countries were due to attend U.S.- brokered talks in Abu Dhabi. Russia sounds alarm as New START treaty is set to expire Vladimir Putin and Donald Trump during a press meet at Joint Base Elmendorf-Richardson, in Alaska, in August 2025. REUTE...",True,GS2,India and its neighborhood- relations,"The Balochistan conflict in Pakistan, marked by recent attacks by the Balochistan Liberation Army (BLA), has significant implications for regional stability and India-Pakistan relations. The Pakistani government's allegations of Indian involvement in the insurgency, despite India's categorical denial, highlight the persistent tensions between the two nations. This situation is relevant to the UPSC syllabus under 'India and its neighborhood- relations,' as it underscores the complexities of regional geopolitics, the impact of internal conflicts on bilateral relations, and the challenges of addressing separatist movements. The ongoing violence in Balochistan also raises questions about governance, human rights, and resource management in conflict zones."
UPSC_0023_20260213,TH Delhi 04-02-2026 (1) (1).pdf,"and 70 missiles of various types at Ukraine in a major attack overnight, Ukrainian President Volo- dymyr Zelenskyy said. The barrage came a day before the two countries were due to attend U.S.- brokered talks in Abu Dhabi. Russia sounds alarm as New START treaty is set to expire Vladimir Putin and Donald Trump during a press meet at Joint Base Elmendorf-Richardson, in Alaska, in August 2025. REUTE...",True,GS2,"Bilateral, regional and global groupings and agreements involving India and/or affecting India’s interests","The impending expiration of the New START treaty between the U.S. and Russia is a critical development in international relations, particularly concerning global nuclear disarmament and strategic stability. The treaty's expiration without a renewal or replacement could lead to an arms race, affecting global security dynamics. This issue is pertinent to the UPSC syllabus under 'Bilateral, regional and global groupings and agreements involving India and/or affecting India’s interests,' as it involves major global powers and has implications for India's strategic environment. The situation demands analysis of international diplomatic efforts, the role of treaties in maintaining global peace, and the potential impact on India's security and foreign policy."
UPSC_0023_20260213,TH Delhi 04-02-2026 (1) (1).pdf,"and 70 missiles of various types at Ukraine in a major attack overnight, Ukrainian President Volo- dymyr Zelenskyy said. The barrage came a day before the two countries were due to attend U.S.- brokered talks in Abu Dhabi. Russia sounds alarm as New START treaty is set to expire Vladimir Putin and Donald Trump during a press meet at Joint Base Elmendorf-Richardson, in Alaska, in August 2025. REUTE...",False,Not Applicable,Not Applicable,Not Applicable
UPSC_0023_20260213,TH Delhi 04-02-2026 (1) (1).pdf,"and 70 missiles of various types at Ukraine in a major attack overnight, Ukrainian President Volo- dymyr Zelenskyy said. The barrage came a day before the two countries were due to attend U.S.- brokered talks in Abu Dhabi. Russia sounds alarm as New START treaty is set to expire Vladimir Putin and Donald Trump during a press meet at Joint Base Elmendorf-Richardson, in Alaska, in August 2025. REUTE...",False,Not Applicable,Not Applicable,Not Applicable
UPSC_0023_20260213,TH Delhi 04-02-2026 (1) (1).pdf,"and 70 missiles of various types at Ukraine in a major attack overnight, Ukrainian President Volo- dymyr Zelenskyy said. The barrage came a day before the two countries were due to attend U.S.- brokered talks in Abu Dhabi. Russia sounds alarm as New START treaty is set to expire Vladimir Putin and Donald Trump during a press meet at Joint Base Elmendorf-Richardson, in Alaska, in August 2025. REUTE...",False,Not Applicable,Not Applicable,Not Applicable
UPSC_0024_20260213,TH Delhi 04-02-2026 (1) (1).pdf,"un- der seven. However, the problems outweigh the sil- ver linings. A run rate of less than eight-an over in the Power- Play since July 2024 does not paint a promising pic- ture. Shai Hope has been the most proliﬁc batter at No. 3, but could do with speeding up his accumula- tion of runs (137). Shimron Hetmyer, meanwhile, has a healthy strike rate of (176.79) but inconsistency and limited volume (...",False,Not Applicable,Not Applicable,Not Applicable
UPSC_0025_20260213,TH Delhi 04-02-2026 (1) (1).pdf,"Larsen after believing Ma- teta was about to leave the club for AC Milan. Mateta’s proposed switch to Serie A fell through on Monday af- ter medical concerns over a knee injury, but Palace still brought in Strand Larsen. Bottom of the table Wolves signed Southamp- ton striker Adam Arm- strong for £7 million to re- place Strand Larsen. Everton signed Chelsea’s 19-year-old winger Tyrique George on l...",False,Not Applicable,Not Applicable,Not Applicable
UPSC_0026_20260213,TH Delhi 04-02-2026 (1) (1).pdf,"Adding to its woes is the news that Josh Hazle- wood, a razor-sharp opera- tor across phases, is unlike- ly to be available for the early stages of the global tournament. Stuart Law, former Aus- tralia batter and current Nepal head coach, opined that those replacing Cum- mins and Hazlewood will have big shoes to ﬁll. He, however, backed the Mitchell Marsh-led side to ﬁnd a quick solution. “All goo...",False,Not Applicable,Not Applicable,Not Applicable
UPSC_0027_20260213,TH Delhi 04-02-2026 (1) (1).pdf,"outﬁt’s bowling attack reﬂects on a fabulous campaign ahead of the ﬁnal on Thursday EMMANUAL YOGINI e2145468 e2145468 S ND-NDE CM YK THE HINDU II Wednesday, February 4, 2026 Delhi SCIENCE For feedback and suggestions for ‘Science’, please write to science@thehindu.co.in with the subject ‘Daily page’ S cientists from the Translational Health Science and Technology Institute (THSTI), Faridabad, have...",True,GS3,Science and Technology - developments and their applications and effects in everyday life,"The development of an affordable dipstick assay by Indian scientists to detect antimicrobial resistance (AMR) in sewage has significant implications for public health policy and environmental governance. This innovation aligns with the need for scalable and cost-effective solutions to monitor AMR, a growing global health threat. The assay's affordability and efficiency make it suitable for widespread use in India, a country facing high AMR prevalence. This development connects to the GS3 syllabus by illustrating how scientific advancements can address public health challenges, emphasizing the importance of integrating technology into health and environmental policies to curb AMR spread."
UPSC_0027_20260213,TH Delhi 04-02-2026 (1) (1).pdf,"outﬁt’s bowling attack reﬂects on a fabulous campaign ahead of the ﬁnal on Thursday EMMANUAL YOGINI e2145468 e2145468 S ND-NDE CM YK THE HINDU II Wednesday, February 4, 2026 Delhi SCIENCE For feedback and suggestions for ‘Science’, please write to science@thehindu.co.in with the subject ‘Daily page’ S cientists from the Translational Health Science and Technology Institute (THSTI), Faridabad, have...",False,Not Applicable,Not Applicable,Not Applicable
UPSC_0027_20260213,TH Delhi 04-02-2026 (1) (1).pdf,"outﬁt’s bowling attack reﬂects on a fabulous campaign ahead of the ﬁnal on Thursday EMMANUAL YOGINI e2145468 e2145468 S ND-NDE CM YK THE HINDU II Wednesday, February 4, 2026 Delhi SCIENCE For feedback and suggestions for ‘Science’, please write to science@thehindu.co.in with the subject ‘Daily page’ S cientists from the Translational Health Science and Technology Institute (THSTI), Faridabad, have...",False,Not Applicable,Not Applicable,Not Applicable
UPSC_0028_20260213,sportstar (1).pdf,INDIAN MAGAZINES @indianmagazines,False,Not Applicable,Not Applicable,Not Applicable
